1,abledbody
1,ayannanahmias
1,backchannelbook
1,beckacolley
1,crossroadsutah
1,dellcrowbar
1,guardianjoanna
1,joannageary
1,kriscolvin
1,nahmias_report
1,noviantech
1,plantiis
1,rhawkesstaffs
1,rosshawkes
1,ryanmgarcia
1,saminsalaco
1,so_amused
1,somedelllawyer
1,sportingkcwufc
1,suzrobitaille
1,thebrewroom
1,veebatdell
1,warrantzh
1,warrenzh
2,amyhatdell
2,andrei_matei
2,videopixil
3,longhornamy
3,mcoelead
3,printedproof
4,glennhilton
5,gamernut76
6,cedcoffice
7,bbponline
7,davidfarratdell
9,politicalpunk
13,zehicle
14,bigscrum
14,tonyatmatc
17,onelovedetroit
27,bluecollard
28,fuzzytek
32,veggieg3ek
34,vbkbaker
48,neobuddhism
68,startup2venture
75,ravolt
99,a_kaustubh
143,yappyrat
201,happytobeeaten
211,kragtbakker
346,cliffatkinson
415,davechilders
427,micahboswell
429,scottdimmick
504,nerdherdersshow
657,kschwaber
799,mcgaritydotme
